Model,Train Loss,Train Accuracy,Validation Loss,Validation Accuracy,Test Loss,Test Accuracy
CNN - Dropout(0.4),0.2377660870552063,0.9033101201057434,0.28024473786354065,0.8797909617424011,2.8819808959960938,0.4771573543548584
